Area,Perimeter,MajorAxisLength,MinorAxisLength,AspectRation,Eccentricity,ConvexArea,EquivDiameter,Extent,Solidity,roundness,Compactness,ShapeFactor1,ShapeFactor2,ShapeFactor3,ShapeFactor4,class
28395,610.2909999999998,208.17811670852728,173.88874704163598,1.1971914241160242,0.5498121871383472,28715,190.1410972745107,0.7639225181598063,0.9888559986069998,0.9580271262501276,0.9133577547957626,0.007331506135183212,0.00314728916733569,0.8342223882455564,0.9987238890131684,SEKER
32258,654.808,220.80403007890376,186.277755809551,1.1853483477901257,0.5369189075061798,32612,202.6626784439278,0.7758056758056758,0.9891450999632038,0.9454081638315681,0.9178395809691825,0.0068449386223232616,0.0029965149595458053,0.8424294963936846,0.9985724116799217,SEKER
33159,653.8009999999999,222.44402868828985,189.98042001963083,1.1708787077389582,0.520175444011767,33415,205.4734777626379,0.788111422731378,0.992338770013467,0.9748103412811874,0.9237086694314788,0.006708405823103527,0.003012584024718656,0.853237705982873,0.9990378625753795,SEKER
33858,664.4599999999999,234.33500135412973,184.13929158842225,1.2725964096674276,0.6184869353613691,34142,207.627899150483,0.7812543264571508,0.9916817995430848,0.9636814093270455,0.8860302470850837,0.006921111741807836,0.002631175494360336,0.7850495987496545,0.9990513007796651,SEKER
34397,678.85,229.77470216151102,190.93159397655174,1.203439919899949,0.5563451176699462,34776,209.2740323600981,0.7722027658045977,0.9891016793190707,0.9379566908279493,0.91077925633866,0.006680079720949822,0.002835397361550748,0.8295188537768027,0.998276102944653,SEKER
34774,677.7259999999999,228.52221551731438,193.96029003283445,1.178190729033397,0.5287798580540847,35139,210.4177557351578,0.7805611672278339,0.9896126810666211,0.9513848244463001,0.9207759309475763,0.006571640177066612,0.002913864632283952,0.847828315012376,0.9989034605595879,SEKER
35122,679.818,231.7962315055011,193.1433258860201,1.2001255049438844,0.5529021551068831,35481,211.46801008707766,0.7843934250491335,0.9898819086271525,0.9550009059435813,0.912301329118282,0.0065997446473862855,0.0028200715387380762,0.832293715110984,0.9988569151091913,SEKER
35432,681.365,233.74223189494586,193.21880911615852,1.2097281468825616,0.5627428659505976,35757,212.39920797652772,0.790645780336502,0.9909108705987639,0.9590602448624284,0.9086899113378423,0.0065969245849781515,0.0027744960284630596,0.8257173549671758,0.9988935256732119,SEKER
35730,698.1690000000001,242.2163347048886,187.99091286471773,1.2884470372203185,0.6305752241370808,36142,213.29052705965952,0.7862943157060804,0.9886005201704389,0.9211317613421605,0.8805786253826701,0.0067790745789221545,0.002514332634686521,0.775418715480833,0.9990859465664644,SEKER
36076,693.745,243.52621854276308,189.1972144345256,1.2871554122539093,0.6296154171794358,36427,214.32076384677646,0.7591271594806726,0.9903642902242842,0.9419514307955499,0.8800726473282869,0.006750366408214965,0.0024979354008688084,0.7745278645754194,0.9969377328297141,SEKER
36365,690.321,239.1409014156703,193.83464308891996,1.2337366406992918,0.5856753153301525,36680,215.17749892657037,0.7843031531725834,0.9914122137404581,0.9589396712570786,0.8997937937540547,0.006576128184124028,0.002659022462369415,0.8096288712783144,0.9988688038640666,SEKER
36663,698.145,234.7081444232982,199.09311562703402,1.178886289885496,0.5295828281071551,37092,216.05735680282973,0.772259083728278,0.9884341637010676,0.9452498101284204,0.9205362572044726,0.006401771388683365,0.0028355905406371312,0.8473870008280189,0.9989729175033409,SEKER
36975,694.805,241.36787303421073,195.18917138786676,1.2365843418361604,0.5882499459839178,37252,216.9747270227172,0.7774226782447804,0.9925641576291205,0.9624810255153572,0.89893789216912,0.006527866748727809,0.00262947951932695,0.8080893339774604,0.9992706172013393,SEKER
37256,693.8059999999999,245.9339799235677,193.07607093553082,1.2737672707545744,0.6194035399438554,37502,217.79764112279364,0.7750686527419489,0.9934403498480081,0.972590417599765,0.88559393537437,0.006601191215470466,0.002504612887801258,0.7842766183718641,0.9989858877001563,SEKER
37539,701.891,239.57290117932854,199.71878446172673,1.1995511680336672,0.5523004458786717,37844,218.62328162803996,0.7850555241859589,0.9919405982454286,0.9575318218924534,0.9125543020593674,0.006381973445731866,0.0027300438510949993,0.8327553542070592,0.9989326578253681,SEKER
37861,712.99,253.52017894300644,190.3512936023889,1.3318542477182556,0.6604921966504493,38226,219.5589269495048,0.7478716049382717,0.990451525139957,0.9359121107765443,0.8660412274277527,0.006696077201949406,0.002323563161269327,0.7500274076045687,0.9989271887232561,SEKER
38122,710.41,246.9057229779711,196.83463061770507,1.254381519162219,0.6037078724401408,38481,220.31440698327896,0.7748373983739837,0.9906707206153686,0.9492211554053703,0.8923017430541105,0.00647672532862838,0.0025326910029734575,0.7962024006574039,0.99874157689724,SEKER
38354,715.5269999999999,253.6098213000785,192.8160003930118,1.3152944816983665,0.6495884662183491,38702,220.98377655106816,0.7963043703934393,0.9910082166296316,0.9413876042448216,0.8713533861513737,0.0066123434661333495,0.0023513239084050116,0.759256723557465,0.9986461786875159,SEKER
38628,720.5989999999999,251.41634811282194,196.67850322130562,1.2783112744656413,0.6229243538236736,39014,221.77172302624575,0.7402552604346326,0.9901061157533193,0.9348130715983092,0.8820895088601267,0.006508655589541833,0.002430645823586156,0.7780819016410997,0.994630867325484,SEKER
38855,727.3619999999999,255.88035937973493,193.43842311825867,1.3228000686466637,0.6546037901227258,39228,222.42239660314056,0.7897999837385153,0.9904914856734985,0.922901944240744,0.8692437244589701,0.0065855194795968325,0.0023191885450379516,0.7555846525113019,0.9994874302103157,SEKER
39122,725.817,245.3724593977744,203.20580179314882,1.2075071539913447,0.5605029263900956,39532,223.1852985058134,0.7907747660339983,0.9896286552666195,0.933204105641353,0.909577623558831,0.006271981478395134,0.0026481562173725666,0.8273314532789307,0.9990086485563646,SEKER
39341,732.7719999999999,262.04811885341684,191.55707001113967,1.367989805013085,0.6823778902389384,39772,223.80910823607252,0.7681388628553577,0.9891632304133561,0.9206986932073998,0.8540763780917112,0.006660941990631068,0.002186262249027159,0.7294464596142558,0.9978753200551912,SEKER
39686,715.976,239.59910805558445,211.26042405271693,1.13414099744397,0.4717645140081528,40005,224.78831057766254,0.7804523107177974,0.9920259967504061,0.9728598102568774,0.9381850892596564,0.006037371064243926,0.002885238622109036,0.8801912617091492,0.998260995496281,SEKER
40021,719.2689999999999,252.30996446311775,202.1951505923875,1.2478536884979923,0.598160934347345,40316,225.73506555217764,0.7823324732191728,0.9926828058339121,0.9721093365586158,0.8946736052716429,0.006304439280955442,0.0024916367558698634,0.8004408599697596,0.9988330795377695,SEKER
40388,729.945,261.22799581368815,197.1404287843859,1.3250858660726326,0.6561067720279905,40719,226.76771977678777,0.7845376845376846,0.991871116677718,0.9525371781323273,0.8680835263097988,0.006467960676777462,0.002265651939577798,0.7535690086504553,0.9985436424730837,SEKER
40688,732.9449999999999,258.7484843311317,200.43281032466268,1.2909487419350596,0.6324219418559965,41046,227.60837110305127,0.7985398308244853,0.9912780782536667,0.9517731167850799,0.8796510313535632,0.006359331604677833,0.0023487289416331755,0.7737859369613872,0.9989179818473443,SEKER
41033,730.9879999999999,249.93212129194782,209.3633166193215,1.1937722678820153,0.5461602598229793,41380,228.57129793374742,0.7594062887494679,0.9916143064282262,0.9649896138711981,0.9145335011451023,0.0060910028828491175,0.002628252247189636,0.8363715247167189,0.9984371318530165,SEKER
41341,739.1600000000001,255.29358881490012,206.67081867386622,1.2352667418314258,0.5870623091926181,41732,229.42753980047024,0.7441856278801844,0.9906306910763922,0.9508541975600937,0.8986811649501156,0.006175312373065483,0.002484627296098649,0.8076278362360969,0.9976358058797279,SEKER
41673,740.349,251.31098933290406,211.5472593002276,1.1879661791138774,0.5398288394707597,42010,230.34693735265603,0.7557123168431742,0.9919781004522733,0.955414090131416,0.9165812365153774,0.006030547100830371,0.002625550200994952,0.8401211631320582,0.9980355281586977,SEKER
42101,761.563,272.6025663162008,196.9605551368988,1.3840464966537411,0.6913509821638156,42573,231.5267977424969,0.7168079817482208,0.98891316092359,0.9122011250195445,0.8493199490790606,0.006474966540371982,0.0020782729805803083,0.7213443759036582,0.9983741563503375,SEKER
42506,748.9899999999999,259.4181961658253,209.12643650758275,1.2404849453666227,0.5917298311907726,42916,232.63774433335797,0.7999473050286059,0.9904464535371423,0.9521559008524588,0.8967672575467731,0.006103095943298012,0.002434719490050756,0.8041915142079605,0.9975874665665635,SEKER
42974,755.268,253.46772851333276,216.2708892821648,1.1719918910706373,0.5215050025226252,43417,233.91493367343796,0.7643355150825271,0.9897966234424304,0.9467023924588188,0.9228588390538787,0.005898164669645199,0.0026389900995491765,0.8516684368198727,0.9981485018336962,SEKER
43616,752.431,262.55727047388655,211.7062082682249,1.2401963675115044,0.5914742020095992,43970,235.65571493848574,0.7882599580712788,0.9919490561746646,0.9681047210366315,0.8975402376523549,0.006019746663469519,0.002409759425487634,0.8055784782050457,0.9990755024153432,SEKER
43968,763.577,261.83957236057734,214.33012198944732,1.2216648314765068,0.5744279930320819,44429,236.60472586767077,0.8032005261138817,0.9896238943032704,0.9476345761069055,0.9036247796106394,0.005955230448521137,0.002449237284441848,0.8165377423263768,0.9975354433733605,SEKER
44543,764.877,269.8147058271424,210.597109092039,1.2811890295665125,0.6251246326764233,44928,238.14682244602457,0.7855908289241622,0.9914307336182336,0.9567668601920534,0.8826309956529724,0.006057398599715835,0.002267684408840723,0.7790374744873574,0.9980942659344042,SEKER
45169,766.629,265.71605135141573,217.26345069576132,1.2230131230102923,0.575711766715818,45532,239.81442199363775,0.8093932552055334,0.9920275849951682,0.965783657945787,0.9025213974615238,0.005882708303292429,0.0024076153619920666,0.8145448728759019,0.9961990688079784,SEKER
45753,906.221,275.32113007155476,212.1319136428529,1.2978769924033577,0.6374532428063137,46399,241.3597499382776,0.7791192698045092,0.9860772861484084,0.7001018027449943,0.8766481158767191,0.006017553604606359,0.0021923048537172392,0.7685119190702017,0.997433938148966,SEKER
46503,780.5260000000001,268.3833664394638,221.33466728976157,1.212568142739737,0.5655763782098755,46896,243.32993763369782,0.7572545188080118,0.9916197543500512,0.959215275478718,0.9066505903918713,0.0057713129570019965,0.00240554886100937,0.822015293057929,0.9967495572069135,SEKER
47971,905.348,281.9002602738676,217.34966579622682,1.2969896191980315,0.6368155371952602,48879,247.14079833263162,0.7416666666666667,0.9814235152110313,0.7354574350543569,0.8766958856034153,0.005876472457815506,0.00214137309276961,0.7685956758339565,0.9968606129171369,SEKER
49827,831.8389999999999,284.1727675682603,223.53636813944436,1.2712596609379925,0.6174356972184502,50442,251.87637204692098,0.781256859732196,0.9878077792315927,0.9048905396824583,0.8863494352477617,0.005703188383170978,0.0021712876846582047,0.7856153213640261,0.9987210670649238,SEKER
53187,835.257,296.3062454068003,228.72388170747448,1.2954757640295735,0.6357231043990076,53606,260.2302666213696,0.7873140404115165,0.9921837107786442,0.9580211803638424,0.8782476598294382,0.005571027608377993,0.0020444809978929627,0.7713189519958845,0.9992250086473584,SEKER
48439,810.3699999999999,297.9819919992157,207.3178380770113,1.4373195995248893,0.7182942064579427,48883,248.34341204756478,0.7997985602007793,0.9909170877401141,0.9269116117583546,0.8334175175532702,0.006151695782307969,0.001830733428018617,0.6945847585646554,0.9983402870162424,BARBUNYA
53363,904.64,327.0878319072981,208.048585501421,1.5721704193228656,0.7716368327042017,54318,260.6604723115925,0.717244623655914,0.9824183511911337,0.8194048449023156,0.7969127765824925,0.006129487320939567,0.001524920043316528,0.6350699734804177,0.9984382265060694,BARBUNYA
56546,951.015,315.49363734305547,229.12416172706904,1.3769549006309911,0.6874410334437523,57830,268.3218278422285,0.7682254164062712,0.9777969911810479,0.7856642988899083,0.8504825330295515,0.00557941564996738,0.0018006531848101521,0.723320538988362,0.9959797608870752,BARBUNYA
58635,926.5229999999999,353.2945175484061,211.92769914604884,1.6670521077329068,0.8001040262343524,59458,273.2332349944755,0.728204172876304,0.986158296612735,0.8583301818522414,0.7733865696261162,0.006025317942328065,0.0013296772407461876,0.5981267860780515,0.9971085194229252,BARBUNYA
60237,963.531,358.72415502358825,215.05368534353073,1.66806792662286,0.8003777743888953,61280,276.94066233800334,0.7793432696786213,0.9829797650130548,0.8153457553631452,0.7720156517472119,0.005955212826395542,0.0013049127381503337,0.5960081665426723,0.9941821066151278,BARBUNYA
61570,1001.035,372.79203419386914,211.14716809739878,1.7655554538240654,0.8241346048102062,62673,279.9881404083822,0.7443541757338362,0.9824007148213745,0.772112339078162,0.7510571973830733,0.006054767487313126,0.0011884181672676339,0.564086913740917,0.9959267269860611,BARBUNYA
62792,983.7510000000001,373.5219751367984,215.3814718992871,1.7342344810024242,0.81701014446227,63919,282.75299731923326,0.7110084471318251,0.9823683098922074,0.8153494947699557,0.7569915992644825,0.005948559930194904,0.0012049134265073964,0.5730362813569988,0.9937792779947139,BARBUNYA
64011,963.4159999999999,356.28690430236,228.90417357675526,1.556489332348898,0.7663095989741809,64811,285.4843892370343,0.7600812197207182,0.9876564163490765,0.8666360819955153,0.8012766840140727,0.00556602621896799,0.0014153212679746952,0.642044324344588,0.9993351417375073,BARBUNYA
65231,1026.2649999999999,363.46654755315933,229.78648098523047,1.581757751782278,0.7747986632581703,66343,288.19210388665994,0.8249570012140833,0.9832386235171758,0.778296118678495,0.7928985647420825,0.005571991040351356,0.001358503304069909,0.6286881339700545,0.9944323293606692,BARBUNYA
66291,1048.4099999999999,371.47924099172127,227.64889271840985,1.63180780963087,0.7902246509027969,67835,290.52422043616036,0.7665471785383904,0.9772388884793985,0.7578829292457162,0.7820739044813407,0.0056037658353580615,0.001293156007832452,0.611639592070689,0.9980782630203898,BARBUNYA
67311,1037.096,374.41725299152677,229.30124829244608,1.6328618172806575,0.790531257366462,68197,292.7507933305537,0.7569071956279729,0.9870082261683065,0.7864262263167915,0.7818838234390304,0.005562497258865962,0.0012823851632914212,0.6113423133556368,0.9982375207664461,BARBUNYA
68131,1036.382,357.7621193880517,243.62870188234578,1.4684727892234295,0.7323023938817851,69197,294.52857827781565,0.7769174629963281,0.9845947078630577,0.7971038456568089,0.8232525533491463,0.005251091564604243,0.0014878587365457694,0.6777447665958888,0.9952497477846468,BARBUNYA
68894,1040.782,369.55645125847684,238.5738340814513,1.5490233984851283,0.7637027596686936,70189,296.1732013450648,0.7831978627863355,0.981549815498155,0.7992298936589954,0.8014288489254758,0.00536413114724761,0.0013650200689167332,0.6422881998900132,0.9949194502005235,BARBUNYA
69816,1028.089,367.5514924696798,243.53739539054695,1.5092199367586179,0.7489788093280675,70868,298.148439632392,0.7656438488364442,0.9851555003668793,0.8300483719151693,0.8111746129203571,0.005264573915287037,0.0014060487907796933,0.6580042526464912,0.993073136566039,BARBUNYA
70682,1081.066,366.84993944682617,245.6730544323273,1.493244508619394,0.7426473551695204,71974,299.99186239125015,0.7937160310829627,0.982049073276461,0.7600011966536764,0.8177508843087409,0.005190146564143999,0.0014316718128055258,0.6687165087877277,0.9985572545704071,BARBUNYA
71556,1076.2610000000002,404.6052268398362,226.1113332475797,1.7894071076783016,0.8292725878370307,72868,301.8408999176044,0.7130926992605585,0.9819948399846298,0.7762841393626303,0.7460133480605993,0.005654385751576893,0.0010803179417633632,0.5565359154845849,0.9958693228463669,BARBUNYA
72422,1021.2559999999997,349.4805571626464,265.1379862796517,1.3181082125065064,0.6514832099146853,73542,303.6619078989163,0.7561444172983357,0.984770607272035,0.8725918170231319,0.8688949976624698,0.004825613172277021,0.0016966859199300252,0.7549785169628638,0.9951433834747335,BARBUNYA
73347,1082.9679999999998,363.79764633530704,257.6648280399842,1.4119026221105089,0.7059475224059879,74564,305.59499486688253,0.8148308615230795,0.9836784507268923,0.7858885675925424,0.8400136667877726,0.0049599526406711525,0.001523360534968307,0.7056229603902391,0.9962709079963583,BARBUNYA
74794,1197.889,423.7976340381822,225.43171183303687,1.8799379669887017,0.8467867934254762,75813,308.5946832155761,0.7599857745262409,0.9865590334111564,0.6550032732006127,0.728165186471459,0.005666198278447231,9.826326187456537E-4,0.5302245387890147,0.9967892414985423,BARBUNYA
75854,1095.8580000000002,402.9619968902599,240.92420540210205,1.6725675040318888,0.801583237972486,77204,310.77373187954777,0.8124892887746358,0.982513859385524,0.7937427774259115,0.7712234262234459,0.005312336816651197,0.0011592743245688922,0.5947855731558308,0.9948190215274242,BARBUNYA
77026,1133.607,396.35901730532225,248.1558385955542,1.5972181817221331,0.779751973164596,78612,313.1653703281553,0.7035622944830106,0.9798249631099578,0.753220569115905,0.790105325361927,0.005145782168427833,0.0012370040352022921,0.6242664251652765,0.9970896845126591,BARBUNYA
78657,1149.889,399.28337149987914,251.5902538965539,1.5870383105700592,0.7765103374209863,80316,316.4635885378185,0.7850940232363157,0.9793440908411774,0.7475416647184812,0.7925789329744585,0.005076259856082474,0.001235644971875996,0.6281813649949312,0.9969478922331493,BARBUNYA
80050,1078.541,403.00612941410384,253.68541401045772,1.5886058368239124,0.7770144428099591,80805,319.2535443124317,0.8079982235142119,0.9906565187797784,0.8647645580335537,0.7921803690096901,0.005034430098864508,0.001222999788196071,0.6275497370443287,0.9969291751659319,BARBUNYA
82036,1144.1870000000001,415.2153226872616,253.1120841631055,1.6404405347146396,0.7927150605743661,83728,323.18954081451,0.701888277620445,0.9797917064781196,0.7874451677371994,0.7783661227211862,0.005061379427169312,0.0011459993220412391,0.6058538210000125,0.9938671660801682,BARBUNYA
84664,1143.1999999999998,396.7575390760142,272.99808326628795,1.4533345228252343,0.7256416324715957,86180,328.32537644150784,0.759134559344374,0.9824089115804131,0.8140746207578788,0.8275214560664075,0.004686260265000641,0.0013555739660619849,0.6847917602502671,0.9952315061179743,BARBUNYA
89248,1226.9679999999998,426.26979315158763,267.28716270159725,1.5948008458134617,0.7789890389224995,91234,337.09654831891083,0.7402909802750544,0.978231799548414,0.7449753178113673,0.7908056206061838,0.004776239166721805,0.0011522449619053277,0.6253735295823315,0.9973462339272522,BARBUNYA
117034,1265.9260000000002,425.92378748920083,351.21510887864844,1.2127148767861398,0.5657218525827331,118019,386.0211352743979,0.7463189108184803,0.9916538862386565,0.9177095970112145,0.9063150418293681,0.003639316672840378,0.0015146642024813153,0.8214069550461693,0.9961324342800933,BOMBAY
144404,1444.937,526.1935719958257,350.853832101866,1.4997515314099576,0.7452571893761556,145991,428.7900222928892,0.7635252315891883,0.989129466884945,0.8691430531827858,0.8148902706403468,0.003643898867038487,9.91157355160974E-4,0.6640461531842978,0.995904235165042,BOMBAY
153261,1457.451,542.0882388913515,362.1338272028383,1.4969279260059767,0.7441300015970114,154519,441.74423127603575,0.8364770606149916,0.9918586063849754,0.9066790770193002,0.814893590348808,0.003537026633594662,9.621032906241576E-4,0.664051563591571,0.9940373298481563,BOMBAY
159402,1508.083,529.6845987918518,384.0243697790122,1.3792994415866373,0.6887428329414621,161419,450.50741382342915,0.7811908845871111,0.9875045688549675,0.8807509929219366,0.8505201299999726,0.003322948261576717,0.00107260972355585,0.7233844915351701,0.9977638252268937,BOMBAY
165397,1538.645,571.3442983788444,370.28377639777796,1.5429903625188182,0.7615618923921249,166731,458.9008618215504,0.8039908613649621,0.9919990883518962,0.8779315010649031,0.8031949616433636,0.0034543812667632693,8.868168465048827E-4,0.6451221464092843,0.9954172545569796,BOMBAY
170723,1599.1049999999998,621.0104081480393,353.1574057789699,1.7584521745431276,0.8225575039154752,172911,466.230924323796,0.7962975055504767,0.9873460913417885,0.8389729049831414,0.7507618523080433,0.0036375321904373713,7.128454741949838E-4,0.5636433588810043,0.9911398900910944,BOMBAY
176352,1626.129,588.8901818594436,386.33773407944966,1.5242885431903976,0.754722845782877,180410,473.85476698365653,0.7640901213171577,0.9775067900892411,0.8380699395860212,0.8046572715602792,0.0033392883656518987,8.63530036182244E-4,0.6474733246748329,0.9869361708232445,BOMBAY
182835,1612.474,572.7845687564542,408.7107612633649,1.4014423476052384,0.7006037180542214,184739,482.48601240000056,0.8136197367367101,0.9896935676819729,0.8836570745795413,0.8423516252323336,0.003132794972278033,9.729385431219586E-4,0.709556260531554,0.994402191517335,BOMBAY
188888,1655.013,630.1989919647748,384.8905253825387,1.6373460774032473,0.791827783551562,191255,490.4076581028639,0.7788232383622644,0.9876238529711642,0.8665854905614091,0.7781790582906477,0.003336363305052596,7.546946228940499E-4,0.6055626467621192,0.9915156242978841,BOMBAY
200419,1716.101,651.2283237318373,394.7898344458638,1.6495569716122924,0.7952944207172206,202151,505.1548241047259,0.7866509665391032,0.9914321472562589,0.855190890517156,0.7756954138756692,0.003249334263377411,7.256697973632164E-4,0.6017033751077459,0.9925439972516286,BOMBAY
218738,1810.955,682.4655468068211,412.08144842413026,1.6561423704383824,0.7971261347925627,223507,527.7365550502258,0.7030640811774197,0.9786628606710305,0.838144275955788,0.7732794095166347,0.0031200136547230983,6.88148301210006E-4,0.5979610451823952,0.9903086227981848,BOMBAY
57549,929.955,362.9373998149163,204.5544340768189,1.774282730427725,0.8260423626763915,58471,270.6910832664495,0.7885585091805974,0.9842314993757589,0.8362262145063615,0.7458340843475795,0.006306580476027669,0.0012037674922735716,0.5562684813745923,0.9869775599841958,CALI
61453,964.1659999999999,369.29617935737633,213.19880443614016,1.7321681532599416,0.8165242362934654,62238,279.72198651984786,0.802331805778596,0.9873871268356952,0.8307097883417515,0.7574461967264343,0.006009408480584778,0.0012201652305485536,0.5737247409353403,0.9937877249855068,CALI
63409,990.243,374.80875134729536,218.03351515419627,1.7190419146442946,0.8133895504330872,64645,284.13877998631574,0.7643690631177974,0.9808801918168458,0.8126007260374603,0.7580900364917963,0.005910970861349262,0.0012042640900820623,0.574700503428133,0.9879342537601375,CALI
64934,1005.197,393.14358750011405,211.68415011819738,1.857217875219263,0.8426639864859211,66119,287.5352788751896,0.7495988455988456,0.9820777688712775,0.8075690255437317,0.7313747140161765,0.006054510541474637,0.0010686083603764164,0.5349089723022441,0.9934425049748934,CALI
66372,1013.706,392.74598871283473,218.05619899450986,1.8011227863451988,0.8317107117569115,67804,290.7016598906209,0.7489252225720185,0.9788803020470769,0.8116536284194198,0.7401772856887765,0.005917344493353142,0.0010955939622867747,0.5478624142496047,0.9867674780870557,CALI
67194,1005.4359999999999,394.5874990324464,218.7244609777623,1.8040391882486524,0.8323091716733259,67865,292.4962529143485,0.6476342852736788,0.9901127237898769,0.8352788725876061,0.741270956711928,0.005872362101265684,0.0010937058332365992,0.5494826312646172,0.9912882000633535,CALI
68226,1011.2840000000001,385.8758433963868,227.5336848712244,1.6959064483783057,0.8076551145473307,69707,294.733848037685,0.7889222941720629,0.9787539271522229,0.8383270926464291,0.7638048690571252,0.005655847380710973,0.0011874275877820457,0.5833978779953723,0.989388223262572,CALI
68749,1024.216,391.3524554283788,226.6710098562327,1.7265218683085948,0.8151860791788836,70178,295.8613618926907,0.7683856402002861,0.9796374932314971,0.8235560036854855,0.7559972035152751,0.005692482151425894,0.0011469967739007004,0.5715317717229162,0.9867621023127707,CALI
69623,1009.02,379.54932027806296,234.1251721569364,1.6211384567552922,0.7870803720765832,70383,297.7360522729759,0.7237318087318088,0.9892019379679752,0.8593360824291068,0.7844462797479137,0.005451493332347974,0.0012733508389081926,0.6153559658103421,0.9975772207689404,CALI
70262,1021.1759999999999,405.5603048242279,222.7263649304729,1.8208904228775482,0.8357028647718676,71533,299.0992425469881,0.8101794197684609,0.9822319768498455,0.8466992462338356,0.7374963451529591,0.005772114440582789,0.001053305096028937,0.5439008591139726,0.9903838653555033,CALI
70955,1040.914,411.2238948557792,221.45708839720828,1.8569010268851847,0.8426052734267832,71860,300.57064377061755,0.801968895519689,0.9874060673531867,0.822930519415606,0.7309172631518192,0.0057955590847125526,0.0010203472022311106,0.5342400455733456,0.9920308892283333,CALI
71648,1031.6470000000002,402.75100877659696,229.1211744733464,1.757807892275137,0.8224133604314822,73209,302.0348769615604,0.7060655333826066,0.9786774850086738,0.8459636390378212,0.7499295355684558,0.005621245656216461,0.0010967159541072238,0.5623943083179198,0.9885811537318562,CALI
72318,1038.3519999999999,399.2766927418781,232.7000453655287,1.715842779981793,0.812612774776603,73244,303.4437961075452,0.7522468170092369,0.9873573261973677,0.8428825512440745,0.7599837446652907,0.005521124654192291,0.0011361208453404884,0.577575292155478,0.9910283949408516,CALI
72993,1029.35,402.3361029880432,233.3901899429379,1.7238775249568599,0.8145540867692771,74168,304.8566451446544,0.726515377724694,0.9841575881781901,0.8656950609712475,0.7577163542634261,0.005511982011809943,0.0011207640665012255,0.5741340735182577,0.989736825650054,CALI
73658,1040.73,405.86288113768495,234.0268900301871,1.7342574653935399,0.817015537979078,75124,306.24218910219184,0.680657204110298,0.9804855971460519,0.8545817994651618,0.7545459398596794,0.0055100991221277386,0.0011017471111987036,0.5693395753587269,0.9873814089098599,CALI
74385,1073.863,414.72651179664575,232.4556663690002,1.784110141407819,0.8281520470719927,76137,307.74977422432835,0.7141965588754897,0.9769888490484259,0.8105829666576256,0.7420547408245469,0.005575405146153737,0.0010427974740119944,0.5506452383801855,0.982411754112015,CALI
74966,1101.78,423.3671864441814,229.0320813937624,1.8485060427683457,0.8410371267275695,76897,308.9493092897542,0.717377990430622,0.9748884871971598,0.7760405832603458,0.7297431619218969,0.005647455999308772,9.878994760332107E-4,0.532525082371768,0.9843758326899241,CALI
75622,1056.956,418.3860506232195,230.77939628419702,1.812926358937135,0.8341124830869472,76182,310.2981160947686,0.7104059220847542,0.9926491822215221,0.8506368766424981,0.7416550232316654,0.005532597003824542,0.0010325630268604637,0.5500521734847621,0.997204084101187,CALI
76278,1083.7779999999998,433.5725896803778,225.43958822014875,1.923231820566407,0.8541917550468916,76973,311.6410852139184,0.8213593487530688,0.9909708599119171,0.8160720422792237,0.7187748779129576,0.0056841106174831246,9.35866371511145E-4,0.516637325118787,0.9936133433607635,CALI
76909,1054.986,414.61614982921094,238.95171347703456,1.7351461673827224,0.817223889186342,78190,312.92743591132535,0.7757302509481159,0.9836168307967771,0.8683476547240842,0.7547401036843999,0.005390996500139268,0.001079042427486699,0.5696326241095387,0.9883958645398291,CALI
77684,1064.664,402.26650446421394,247.68907773672692,1.6240784944574347,0.7879542530467523,78407,314.500144345287,0.6823124352240589,0.9907788845383703,0.8612243590349066,0.7818203625086197,0.005178241394163714,0.0011934108022702463,0.6112430792331095,0.992706739868435,CALI
78602,1070.319,408.2722778804946,248.88127257070784,1.640429887164384,0.7927120178951004,80518,316.35292743275386,0.7464577397910731,0.9762040785911225,0.8622178126279538,0.7748577225842249,0.005194171622611315,0.0011550051509368292,0.6004044902484118,0.9849214701911918,CALI
79501,1086.552,418.22828974520326,243.72560097424468,1.7159801353383426,0.8126462303435641,80789,318.15690633080743,0.7334040590405904,0.9840572355147359,0.8462163737393192,0.7607254557663657,0.005260667032429822,0.0010867568180806357,0.5787032190509448,0.993043228147775,CALI
80416,1078.826,413.62055437930434,248.94456734303301,1.6614966086380032,0.7985963306647137,81066,319.9825483200964,0.7922758620689655,0.9919818419559371,0.8682594561749689,0.7736137504101436,0.005143510674235281,0.001136412834147487,0.5984782348236481,0.9943695575031499,CALI
81433,1085.6409999999998,428.0288250080976,243.4851399621838,1.7579258638723319,0.8224397676331003,82276,321.99955876742825,0.805565447926559,0.9897539987359619,0.8682360731098908,0.75228475269472,0.005256208478234839,0.0010384399406067099,0.565932349136956,0.9948671137498816,CALI
82399,1095.949,425.5856626627827,249.07559975069205,1.7086605957739953,0.8108502097196078,84147,323.90379010847136,0.7700265400717703,0.9792268292393074,0.86208703883776,0.7610777771081071,0.005164937228155472,0.0010689588191912442,0.5792393828078174,0.9897235089241668,CALI
83469,1105.2789999999998,420.01688407193416,255.4732011452261,1.6440741423722627,0.7937492858343226,85238,326.00004840413646,0.6985028912859738,0.979246345526643,0.8586006980784021,0.7761593896980201,0.005032010495776087,0.0011264838355064311,0.6024233982164029,0.9904287317676166,CALI
84697,1100.164,426.4198942180607,253.80123195830984,1.6801332717254331,0.8035843557026778,85314,328.3893568927502,0.7542701932496215,0.9927678927256957,0.8793525602227968,0.7701079648146527,0.005034651690355747,0.0010923345074056589,0.5930662774709665,0.9964303851173184,CALI
86371,1139.925,435.2204194491948,254.90795877468503,1.7073630087552083,0.8105289846622189,87429,331.6187158746031,0.7804796501120509,0.9878987521303,0.8352668684741067,0.7619557839089726,0.005038964692422165,0.0010477077545939244,0.5805766166323371,0.9912550389863058,CALI
88242,1146.3319999999999,426.31632760926857,266.41485144726823,1.6001973061687584,0.7806864435130344,90372,335.19129449691894,0.7748410663482139,0.9764307528880627,0.8438482904696245,0.7862501921440166,0.004831217873679978,0.0011388838760831995,0.618189364646503,0.9892249560095104,CALI
91019,1196.401,482.88162071138015,243.52993638723856,1.9828429632714513,0.8635131205971258,92588,340.4247201985334,0.7796059957173448,0.9830539594763901,0.7990765557826212,0.7049858714792674,0.005305283739783783,8.083697111090389E-4,0.49700507898538226,0.9854830235763371,CALI
94648,1191.049,464.300765057854,264.1201179414094,1.7579151814586549,0.8224373766956604,95984,347.14489255942345,0.6981588575475038,0.9860810135022504,0.8384208072544063,0.7476724543328452,0.00490555283849478,9.456125849547506E-4,0.5590140989681008,0.9826993712254553,CALI
116272,1326.583,534.4844041837629,279.7834138801638,1.9103505700044539,0.8520477123508897,118144,384.76240505725974,0.7665510739573581,0.9841549295774648,0.8302638934872921,0.719875831821228,0.004596845364178503,7.615002157716795E-4,0.518221213240305,0.9899841901020163,CALI
38532,775.776,316.71277254214436,155.31484487330417,2.039166138951484,0.8714994220925059,39015,221.49597318627553,0.6750052554130754,0.9876201460976547,0.8045605537421696,0.6993591430127798,0.008219474009709965,0.0012128995003312232,0.48910321091556974,0.9973627061514758,HOROZ
41043,797.806,331.23746019717885,158.54521967613763,2.089230194854199,0.8780084137190667,41600,228.599148367979,0.6196105072463768,0.986610576923077,0.8103159086327795,0.6901367624057334,0.008070498262728817,0.0011293297259351365,0.4762887508238679,0.9950768396906126,HOROZ
42774,780.8219999999999,292.5546328410719,187.0444542541758,1.5640914562669561,0.7689168410081758,43284,233.36998154540322,0.7171070278969958,0.988217355142778,0.8816285519912943,0.7976970977321002,0.006839543480644128,0.0017082794848627737,0.6363206597302159,0.9952637073301838,HOROZ
44154,819.8040000000001,340.64832243766045,166.25028143753977,2.049008997110432,0.8728208137106152,44617,237.10465802728626,0.8260495397740029,0.9896227895196898,0.8255813076240422,0.6960394119383254,0.007715004811289135,0.0011169951558090724,0.48447086297145,0.9926851570663565,HOROZ
45413,851.184,356.4810557975757,162.73888624982177,2.1905093737113255,0.8897158062958443,46013,240.46128055272837,0.6867335057236613,0.9869602068980505,0.7876679121651189,0.6745415405447855,0.007849757906273,0.0010024687108220335,0.45500628992053255,0.9966955431685396,HOROZ
46522,853.266,351.1710870976473,170.44603555326555,2.060306571271961,0.8743118128551495,47247,243.3796419180726,0.738092971600825,0.9846551103773784,0.8029700736229721,0.6930514807740935,0.007548495058201437,0.0010742419821054298,0.48032035500316367,0.9896071837286992,HOROZ
47286,979.365,373.8836862320812,162.79482583950085,2.296655832297106,0.9002295100704832,48605,245.36993522505338,0.6580111881105453,0.9728628741898981,0.6195170783230891,0.6562734461560451,0.007906857975554734,9.047384139433306E-4,0.43069483612953147,0.9891578073371347,HOROZ
47937,853.1419999999999,337.1537578658592,184.1836671306315,1.830530161106708,0.837596220095401,48712,247.053200861615,0.8054743421715899,0.984090162588274,0.8276335168715675,0.7327612256954532,0.007033267786174754,0.0012507970192273366,0.5369390138827029,0.982883059587181,HOROZ
48492,875.858,351.4417653042514,176.1853442545741,1.994727579590533,0.8652610382498858,49121,248.4792385759774,0.617543680912842,0.9871948860975958,0.7943512042130538,0.7070281995677522,0.0072474174153314246,0.0011171461194299731,0.4998888749840173,0.9971421256611034,HOROZ
49182,865.13,352.5693884832879,178.61017961612802,1.9739602145915531,0.86218366480245,49791,250.24081859114187,0.6554978008796482,0.9877688738928722,0.8257589794588603,0.7097633168541616,0.007168667164476596,0.0011222054624380109,0.5037639659518209,0.9944100263337483,HOROZ
49783,911.0959999999999,374.9938875491967,171.01595133385445,2.192742166004971,0.8899541698633389,50523,251.76513709318573,0.8507442281730095,0.9853532054707757,0.7536377571621112,0.6713846423967532,0.007532569100881761,9.440793495413319E-4,0.45075733804621626,0.9883946217700951,HOROZ
50394,1025.661,373.3573764816539,172.6985857609591,2.161901759858282,0.8865902191182703,52528,253.30541568901322,0.6434536121964299,0.9593740481267133,0.6019785429609137,0.6784529559213361,0.007408766450007023,9.68288163755152E-4,0.46029841339839855,0.9951199499859726,HOROZ
50861,902.832,378.0390217162064,172.06585434667997,2.1970600916235807,0.8904128939619064,51490,254.47639671445975,0.5904457859298816,0.9877840357350942,0.7841170027036247,0.6731484902251572,0.00743278782792722,9.414017534173658E-4,0.45312888989240874,0.9955514003443068,HOROZ
51349,920.997,377.66860818373885,174.083291543602,2.169470744922959,0.8874303076124851,52164,255.69430455644857,0.725719373622025,0.9843761981443141,0.7607210314218511,0.6770335130211595,0.007354935990647118,9.532335667705672E-4,0.4583743777537726,0.9944298027590749,HOROZ
51872,911.459,373.70610973821096,178.22592547382794,2.096811161141025,0.8789495997432786,52603,256.9931548981458,0.6296903261832794,0.9861034541756174,0.784636635476187,0.6876878600624832,0.007204389839185128,9.93899331616197E-4,0.4729145928773174,0.9916125966116232,HOROZ
52271,895.6030000000001,365.2392709082928,182.76092453499652,1.9984538370966374,0.8658019465042097,52915,257.9796585834854,0.7230537265534223,0.9878295379382028,0.818916446768365,0.7063305595313736,0.006987416940718425,0.0010728238189048856,0.4989028593279033,0.9970343335623323,HOROZ
52764,908.2509999999999,374.2011816110282,180.10602410468417,2.0776716574095757,0.8765515412923514,53332,259.19338598507125,0.821127330449127,0.9893497337433436,0.8037774285413284,0.6926578501681366,0.007091979031366617,0.0010069832533385471,0.4797748973995449,0.9968147062636215,HOROZ
53174,904.614,361.91457410463613,189.0746054570207,1.9141363443802313,0.8526828973951599,53848,260.1984618550762,0.7621545694301112,0.9874832862873273,0.8165496290701165,0.7189499414296813,0.00680623188221003,0.0011217113503735796,0.5168890182817422,0.9893960559041005,HOROZ
53679,949.6030000000001,354.39712936031316,195.98016057464176,1.808331661333322,0.8331839720340988,54804,261.4311104705001,0.71538615312854,0.9794723012918765,0.7480491343722624,0.7376784088019653,0.006602155952240413,0.001205962574951669,0.5441694348125994,0.9840388181014826,HOROZ
54114,914.857,365.601324774158,189.2205242890093,1.9321441273238964,0.8556470779804898,54793,262.4882563540674,0.6772715894868586,0.9876079061193949,0.8124807320538504,0.717963088662804,0.0067561319579805225,0.0011073536845878913,0.5154709966822333,0.9959642590453727,HOROZ
54438,950.299,388.1046399751238,179.57733032036887,2.161211770342831,0.8865131574303805,55217,263.2728894821736,0.710215264187867,0.9858920260064835,0.7575154252285604,0.678355428832411,0.0071292964468776185,9.312272078473788E-4,0.4601660878264042,0.9945163653230379,HOROZ
54865,978.982,375.7601433074569,188.73336309343125,1.9909577042901483,0.8647103576043152,56145,264.30340070058634,0.674058603108299,0.9772018879686526,0.7193758167743498,0.7033832762947567,0.006848813329216383,0.001034101683414188,0.4947480333711462,0.9850224087226829,HOROZ
55314,921.1419999999999,378.8703414406928,186.50474125465564,2.0314247181704568,0.8704451878984107,55873,265.38269004869323,0.7408389585342333,0.9899951676122635,0.8192034262895231,0.7004578110800352,0.006849447543853144,0.0010170990233382133,0.49064114510303436,0.9967005499137618,HOROZ
55735,923.0239999999999,368.1161344810273,193.40552169868874,1.9033382875930738,0.8508598791436004,56284,266.39070183813527,0.7708212319862805,0.9902458958140857,0.8220758355097392,0.7236594022527557,0.006604757055369647,0.0011173093849109728,0.5236829304688158,0.9967457721202387,HOROZ
56413,929.4809999999999,377.8808379018706,191.0396729630551,1.9780228475105717,0.8627941845802268,57007,268.00608656734784,0.6612396558595307,0.989580226989668,0.8205556244753054,0.7092343926604306,0.006698470882631142,0.0010454772498051069,0.5030134237324099,0.9949720447472231,HOROZ
57016,937.521,374.08739955058087,194.85537159496855,1.919820821404753,0.8536287256617191,57779,269.4346412075107,0.792637490963688,0.9867945101161322,0.8151632663156104,0.7202451660526462,0.006561095123308911,0.0010891244449166867,0.5187530992222039,0.9959130010550328,HOROZ
57500,921.6209999999999,365.128265667916,203.33374894559566,1.7957091115533919,0.8305909029881848,58492,270.5758189903005,0.7391505553270259,0.983040415783355,0.8506932458723212,0.7410432016139475,0.006350056794224627,0.0011812218771594554,0.5491450266582497,0.9861047279344493,HOROZ
58098,975.927,402.0462453855932,186.6472916569621,2.154042749918448,0.8857076953364009,59294,271.9791739637862,0.6214221537671673,0.9798293250581847,0.7665427484459145,0.6764872874336566,0.00692013916805386,8.939910071245496E-4,0.4576350500593467,0.9857654616889016,HOROZ
58629,977.866,403.5571922293466,186.80102432928499,2.1603585616210164,0.8864177551546913,59488,273.21925493690566,0.6467622724765582,0.9855601129639591,0.7704840602337055,0.6770273463039453,0.006883235126462102,8.920664609795591E-4,0.4583660276433624,0.9902349721755532,HOROZ
59305,971.655,391.6593617006396,194.8650674637787,2.00990032127457,0.8674426913658012,60395,274.7898673541636,0.7035160976535624,0.981952148356652,0.7893634159621751,0.7016042362960193,0.006604154147215911,9.871105074653788E-4,0.4922485043885204,0.9893704271174139,HOROZ
59944,997.4369999999999,401.0324375219252,191.91457977401652,2.0896402868096287,0.8780596152765547,60967,276.26630498416665,0.6018473895582329,0.9832204307248184,0.7571547214835775,0.6888876787406072,0.0066901180688963904,9.294097276391088E-4,0.4745662339206221,0.9916727211600541,HOROZ
60560,984.12,402.4070924229917,192.49111680359582,2.090522924408918,0.8781697036628622,61331,277.6821687274166,0.6665419285250449,0.98742886957656,0.7857775462946388,0.6900528692360371,0.006644767047935794,9.293707221465648E-4,0.47617296234088735,0.9954504937573293,HOROZ
61150,988.821,411.7081065184647,190.1822093315424,2.1648087271966583,0.886914002676599,61889,279.03153613983346,0.6080221135107187,0.9880592673980837,0.7859066491434469,0.6777411756581946,0.006732757261135973,8.762503539391706E-4,0.4593331011825517,0.9943683061302937,HOROZ
62148,999.9199999999998,409.5764599590397,193.77294696545812,2.1136926819410484,0.881005687632162,62868,281.2992911939184,0.7384154745496887,0.9885474327161672,0.7810997719056604,0.6868053188946702,0.006590340155098148,9.045283705657522E-4,0.4717015460620097,0.9970321059715482,HOROZ
63209,996.5039999999999,411.75732106548134,196.95509138008947,2.090615267573157,0.8781812124584962,63960,283.690321271567,0.8021446700507614,0.9882582864290181,0.799890780220416,0.68897456525479,0.006514219827326509,9.054301052556384E-4,0.4746859515680269,0.9923856976506092,HOROZ
64436,1025.0859999999998,409.91559678811416,201.13607425522528,2.038001379444071,0.8713416526597927,65318,286.4305558151137,0.7521770597436556,0.9864968308888821,0.770580176487826,0.698754958482758,0.006361592848533648,9.355031276879136E-4,0.4882584920042408,0.9950714802299245,HOROZ
66310,1158.389,413.97504267786485,207.0402021816936,1.9994911051843456,0.865951919982856,68311,290.5658517640857,0.6030265000636583,0.9707074995242347,0.6209834734977517,0.7018921959268687,0.006243025828349643,9.346662245475874E-4,0.49265265470304176,0.9850546010241867,HOROZ
69281,1030.131,385.9841556514523,231.34609602337528,1.668427357479386,0.8004744935562146,70522,297.0038870095757,0.7341344268896165,0.9824026544907972,0.8204254015036739,0.7694717067033531,0.0055712844163833125,0.001204774356067747,0.5920867074169711,0.9878536606543674,HOROZ
34242,682.082,247.61937688515698,177.08464763495104,1.398310808939287,0.6989724584655364,34685,208.8019839245342,0.8247109826589596,0.9872279083177166,0.924902193602769,0.8432376599565314,0.007231451927024035,0.002255304797537413,0.711049751168967,0.9942685527531571,SIRA
36197,710.4409999999999,262.17113841093953,176.13943556489667,1.4884295363507363,0.7406880766702417,36607,214.67988215195825,0.7775772808317759,0.9887999562925124,0.9012108423049099,0.8188539877164465,0.0072428968812592075,0.0020087132214949895,0.6705218531991263,0.9980245310702119,SIRA
37209,725.482,266.9757991782057,178.48505170467052,1.4957880036920739,0.7436726464716311,37627,217.66021735735418,0.8038584514344971,0.9888909559624738,0.8883918776915429,0.815280703447081,0.007175032900056591,0.0019553851504466703,0.6646826254131674,0.9942242973555679,SIRA
37924,741.7260000000001,283.1055090109632,170.914936981665,1.6564117449917997,0.7972005069375075,38341,219.74152200832756,0.7967226890756303,0.9891239143475653,0.8662375313048751,0.7761824302748489,0.007465075124221158,0.0016713568147045481,0.6024591650673707,0.9979204368955463,SIRA
38523,732.1819999999999,271.4652247422965,181.13261665554282,1.498709783774271,0.7448422620802657,38880,221.47010403626192,0.7820976124736073,0.9908179012345679,0.9030085633342657,0.8158323197621528,0.007046835000968163,0.001925650604422046,0.6655823739684954,0.9975148157742899,SIRA
39046,762.1030000000001,293.4847372448375,170.06528439686045,1.7257180869434132,0.814994336245223,39616,222.96840866752663,0.7947486260940362,0.9856118739903069,0.8448100497422694,0.7597274419129907,0.007516384194151449,0.0015446140760700681,0.5771857859956566,0.996059950419355,SIRA
39451,742.1,278.384602266547,180.723853060841,1.5403866039356096,0.7606282672572934,39878,224.1217822509604,0.7998986212489863,0.9892923416420081,0.9002083085563365,0.8050796647020327,0.0070564650393284585,0.0018286154513491748,0.6481532665167374,0.9984066090394891,SIRA
39891,742.199,278.316156946091,182.91454754483672,1.521563815900805,0.753700037908863,40309,225.36814033716118,0.7941352126134735,0.9896301074201791,0.910005585056259,0.8097558647334093,0.006976916019806247,0.0018503746357217054,0.6557045604701516,0.9976963331325239,SIRA
40306,739.706,277.80773399646625,185.22073964273662,1.4998737967050355,0.7453058157416704,40698,226.5373988773056,0.7345324658757495,0.9903680770553835,0.9256808550472215,0.8154466962398793,0.006892465985125447,0.0018799084689562736,0.6649533144085341,0.9973460523135251,SIRA
40567,745.977,280.41833383703556,184.52840879590195,1.5196485769689418,0.7529769636941549,40915,227.269682560766,0.8075927695492913,0.9914945618966149,0.9160767926157009,0.8104665606238258,0.00691247402659885,0.001839728255278293,0.6568560458894135,0.9981903554092931,SIRA
40855,761.6419999999999,282.6441242242141,184.53130921255368,1.531686549184174,0.7574655843300844,41351,228.074991176488,0.7614530137547992,0.988005126840947,0.8850204567737449,0.8069334248588947,0.006918226024335189,0.0018093614384434471,0.6511415521545055,0.9973447570499614,SIRA
41164,749.228,276.60886598039775,190.39547207880992,1.4528122069305396,0.725406983488662,41523,228.93587010225863,0.780952380952381,0.9913541892445151,0.9215086894710289,0.8276519600730458,0.006719678990875467,0.001944998545935729,0.6850077670127546,0.9951876457583607,SIRA
41431,759.449,284.7379608404259,186.27146457030534,1.528618253457474,0.7563340815784406,41945,229.67713769098248,0.7941537281962814,0.9877458576707593,0.9026887929088152,0.8066263346589714,0.006872582386146265,0.0017946894270326004,0.6506460437653669,0.9945894190396305,SIRA
41698,754.669,265.89375005057815,201.32987155519064,1.320687029682471,0.6532043561282069,42263,230.41602057228314,0.8109769142501507,0.9866313323711048,0.9200513520320368,0.8665717811285656,0.006376654756836735,0.0022181496220161447,0.7509466518483348,0.9917655030795739,SIRA
41936,782.3,283.0023939096562,189.4005477951132,1.4942005036637915,0.7430335001775134,42603,231.0726585903529,0.7481090338233195,0.9843438255521911,0.8610932941499511,0.8165042542506513,0.006748435566330984,0.0018501914765806221,0.6666791972094122,0.9961523922524762,SIRA
42140,779.769,289.65735732820855,187.09607803975285,1.5481743944769606,0.7634033583229423,42663,231.63400962539967,0.7581318364997122,0.9877411340037034,0.8709083690934263,0.7996828106214369,0.006873691441106041,0.0017339670440163265,0.6394925976034009,0.9900460650671441,SIRA
42402,775.087,288.05993537483954,188.65328902983066,1.5269277140950894,0.755707012368921,42920,232.35297109324935,0.7944019784172662,0.9879310344827587,0.8869421617919248,0.8066132861930236,0.006793545950069325,0.0017739352550414946,0.6506249934631088,0.9934573340017572,SIRA
42568,767.0949999999999,283.47785282307206,191.79707460924885,1.4780092626574513,0.7363638556555747,43030,232.80734726439886,0.7123159303882195,0.9892633046711596,0.9090647251696584,0.8212540942649994,0.006659412065943245,0.001868640865221864,0.6744582873470246,0.9968555959749834,SIRA
42827,771.3599999999999,285.85080141461475,192.7730394564893,1.4828359931479629,0.7383813448561815,43593,233.5145177122245,0.7923149501415278,0.9824283715275388,0.9045098261761555,0.8169104881169158,0.0066745464640207055,0.0018335780909252135,0.6673427455954177,0.9895598429350696,SIRA
43024,761.9889999999999,276.96571596728677,198.5393589951622,1.3950166726086568,0.6972404678173345,43405,234.05097344955786,0.8118808144471912,0.9912222094228775,0.9311577130348723,0.8450539541767773,0.006437470155431544,0.002025035981661439,0.7141161854698068,0.9962039849100763,SIRA
43268,806.547,312.5473301905203,177.96071625066847,1.756271478196786,0.8220688800132715,44132,234.71371630478058,0.7523037869040582,0.9804223692558688,0.8358287870745942,0.7509701527819979,0.007223521544571515,0.0014171618109001304,0.5639561703694173,0.990460136972895,SIRA
43451,781.727,298.47044335833925,186.46499920840003,1.6006781145278524,0.7808366668071236,44004,235.20954797432768,0.6842246157722348,0.9874329606399418,0.8935099958825427,0.7880497155021093,0.006869127139958557,0.0016341645452499151,0.6210223541029555,0.994056890845167,SIRA
43692,782.6879999999999,295.14343153886796,189.04415762334656,1.5612406923831765,0.7679446341255931,44144,235.86093824236502,0.8027780840039687,0.9897607828923523,0.8962608748980175,0.7991400554387879,0.006755090898536756,0.0016994271719291399,0.6386248282067088,0.9970470689625295,SIRA
43897,790.0239999999999,303.36748910761975,184.6128480531212,1.6432631439623726,0.793519164514023,44412,236.4136127536641,0.7803078782707622,0.9884040349455102,0.8838206311025679,0.779297786486924,0.00691089343480465,0.0015722721787343526,0.6073050400234193,0.9979619894130785,SIRA
44164,791.8389999999999,300.4440647336017,187.94312766766626,1.5985903207105672,0.7801831639420733,44698,237.13150624428573,0.6941405758833145,0.9880531567407937,0.8851247591537503,0.7892700641450379,0.006802917868254725,0.0016284615708187778,0.6229472341555123,0.9958374188344212,SIRA
44396,793.8649999999999,302.0764072096546,187.79357718290987,1.6085555839613934,0.7832747035029498,44955,237.75353378669746,0.735934754500547,0.9875653431208987,0.8852387096171255,0.7870642265077188,0.006804135670097635,0.0016106212354725766,0.6194700966481935,0.9964520830605558,SIRA
44628,805.011,314.488382994691,181.38637078553924,1.733803822374967,0.8169090398612803,45099,238.37393817789905,0.7392658362046117,0.9895563094525377,0.8653935597437838,0.7579737474179551,0.007046884982403222,0.001434807380178951,0.5745242017748181,0.9961122570841064,SIRA
44828,800.491,302.9480843865707,190.070050540844,1.5938759605973296,0.7786960192823474,45542,238.90747646607437,0.6838540395411277,0.9843221641561636,0.8791162753380573,0.7886086388360237,0.006758010270067161,0.0016122958316510214,0.621903585246806,0.9912371743341761,SIRA
45031,800.2699999999999,304.1753051201325,190.1157588258744,1.599947879116767,0.7806084480111495,45693,239.4478021176413,0.7806091493750759,0.985512004026875,0.8835850968125492,0.7872032939132668,0.006754797919658291,0.0016000727694340977,0.6196890259478972,0.9914701427772734,SIRA
45257,794.5089999999999,296.1266678242115,194.99853292714124,1.5186097217195758,0.7525833203663199,45724,240.04791620857546,0.7239961606143017,0.9897865453591111,0.9009443866408546,0.8106257973060169,0.0065432235416446405,0.0017428226794475256,0.6571141832580155,0.9978999869754414,SIRA
45491,798.577,306.5217757477866,190.33247567113048,1.6104544149229476,0.7838559152941259,45999,240.66769648115903,0.6636758870214753,0.988956281658297,0.8963998024093487,0.7851569301855609,0.006738075130196887,0.0015795794869950701,0.6164714050184138,0.992799095885657,SIRA
45733,796.4359999999999,301.7336942479487,193.68936705895774,1.557822707717884,0.7667703023618824,46168,241.30699140176853,0.7335119009430936,0.9905778894472361,0.9060200116685324,0.7997349848620993,0.006597723618567526,0.00166478541000577,0.6395760460123822,0.9963460877905074,SIRA
45929,806.5150000000001,305.64985159872316,192.11229174651598,1.5909958119807095,0.7777795510251742,46335,241.8235287356077,0.7669149078279455,0.9912377252616812,0.8873030118367736,0.7911782959184591,0.006654833582240483,0.0016084753953859614,0.6259630959324369,0.9959046640829863,SIRA
46181,822.4689999999999,306.9967493198351,192.69732742904353,1.5931552005197362,0.7784672394838982,46858,242.4860313820459,0.7290508966910836,0.9855520935592642,0.857894969737923,0.7898651432605864,0.00664768518048191,0.001596106999482761,0.6238869445380668,0.9939487302271893,SIRA
46399,808.352,309.85676488905403,191.24613467757322,1.620198836496484,0.7867998751774226,46822,243.05769199135997,0.8013090632771483,0.9909657853145957,0.8923134728168093,0.7844195109904674,0.006678091443545206,0.001559644700715831,0.6153139692225239,0.9969309770143666,SIRA
46652,805.4229999999999,296.1416551302436,201.31722287541373,1.471019969878645,0.7333971521783132,47209,243.71945191343428,0.7948613098889116,0.98820140227499,0.9037162182692291,0.8229826763352358,0.006347887660341327,0.0017962706299577272,0.6773004855479077,0.9963225398494747,SIRA
46916,825.347,317.25151638854675,189.03815845561127,1.6782406207318281,0.8030867599391291,47505,244.40807368169098,0.7565388460670172,0.9876013051257763,0.8654812976522557,0.7703921370145875,0.0067621177506297795,0.0014692978997884111,0.5935040447739031,0.996042596508206,SIRA
47162,822.039,314.0568648016461,192.49452290154176,1.6315106532266468,0.7901380804018336,47619,245.04800225425168,0.7179697966142979,0.9904029904029904,0.8770356225165356,0.7802663457428978,0.006659108282126417,0.0015225351977661307,0.6088155702989753,0.9932890887930347,SIRA
47445,827.126,310.5265317390396,195.28884523391847,1.5900884219325921,0.7774895610327882,47955,245.7821193658314,0.697310405643739,0.9893650297153581,0.8714790866231734,0.7915011898963333,0.006544979065002416,0.0015845075497918607,0.6264741336073116,0.996149266489238,SIRA
47760,817.9680000000001,300.7705220899036,202.8335895922672,1.4828437572618403,0.7383845698394359,48238,246.59667608577243,0.8022306581113313,0.9900907997844023,0.8970188191612727,0.8198831267515704,0.006297540244763475,0.0017553289238292228,0.6722083415319318,0.99677994281996,SIRA
48063,840.632,307.91392512295863,200.32456944375133,1.5370751874218658,0.7594323644689303,48816,247.3776712611834,0.6818413959426869,0.9845747295968534,0.8546905516070744,0.8033987782864922,0.006406464954808452,0.0016463527195448209,0.6454495969522283,0.9921045602067139,SIRA
48373,821.7819999999999,315.69704658563455,196.0446234659526,1.6103325916533597,0.7838187011279759,48885,248.17416565282136,0.8133333333333334,0.9895264396031502,0.9001183958526415,0.7861149425910222,0.006526306960197519,0.0015374162437701998,0.6179767029648862,0.9951480256668436,SIRA
48722,830.914,314.41305769134254,198.07148751337652,1.5873716183916124,0.7766176793058014,49299,249.0678162641384,0.7783067092651758,0.9882959086391204,0.886794148200186,0.792167533031172,0.006453205075558116,0.0015675571560613097,0.6275294003886931,0.9961223598833178,SIRA
49072,833.162,310.55221770964715,202.81904629452487,1.5311787693680254,0.7572789152636077,49864,249.96081880815623,0.7815257206561554,0.984116797689716,0.8883512443343349,0.8048914306638723,0.0063285013390456295,0.001638437403193801,0.6478502151561352,0.9919744951775814,SIRA
49388,847.409,317.14779624914274,200.00289230417928,1.5857160493799298,0.7760836890173898,50144,250.76434083693042,0.7754800822773878,0.9849234205488194,0.8642614843346963,0.7906860580545757,0.00642155576757801,0.0015482330908626791,0.6251844424018839,0.9913650041393097,SIRA
49735,852.55,323.68288074521087,195.956913645725,1.6518063829603102,0.7959230285037091,50256,251.64373379324056,0.6953998881431768,0.9896330786373766,0.8598689540367207,0.7774391194674383,0.006508150814219581,0.001466570450968858,0.6044115844783057,0.99837091317642,SIRA
50182,845.771,325.1109276027261,196.89349448145117,1.6512019783028127,0.7957544261123501,50642,252.77204519863332,0.6798347219399851,0.9909166304648316,0.8815607594691109,0.7774947679012244,0.006478636315864775,0.0014603375903203628,0.604498114113779,0.9981484819049912,SIRA
50683,840.6049999999999,314.91596573532746,205.31378471885972,1.5338276782854507,0.7582501611813208,51240,254.03070650181692,0.7670061592941781,0.9891295862607338,0.9013391593160028,0.8066618848893745,0.006213443674118096,0.0016228496111983161,0.6507033965332786,0.9980668799570955,SIRA
51167,860.5229999999999,329.96034006572165,199.28152152360167,1.6557498033084979,0.7970176727286046,51877,255.24076434900454,0.6973831266185089,0.9863137806735162,0.8683101009768626,0.773549828134392,0.006448694276891779,0.0014243106668283677,0.5983793366067475,0.9907664688904917,SIRA
51802,871.7230000000001,337.3720651993726,196.17832935903442,1.7197213693360263,0.8135538745185988,52370,256.8196933577542,0.7929889016456181,0.9891540958564063,0.8566420365550858,0.7612357982454315,0.0065127227751703145,0.0013490224235051845,0.5794799405303594,0.9965440368316286,SIRA
52637,881.769,326.90171149862584,206.78463799610634,1.5808800627867785,0.7745121308313592,53501,258.88126605883394,0.67181018748963,0.983850769144502,0.8507292012717359,0.7919238625947731,0.006210492837711606,0.0015067442612822408,0.6271434041470251,0.9914385041242629,SIRA
54001,873.3969999999999,331.8137707952212,208.11877288027216,1.5943481032636544,0.7788456797373482,54503,262.2140512162602,0.7765905430280718,0.9907894978258077,0.8895866863122701,0.7902446320652724,0.006144585670547234,0.0014781502607654458,0.6244865785079777,0.9956489919578034,SIRA
56642,921.327,352.39448334159516,207.0553752711417,1.7019335184132747,0.8091755068654736,57583,268.549500637944,0.6422505187486536,0.9836583713943351,0.8385343280258298,0.7620706717409771,0.006221434330383729,0.0012943486546653934,0.5807517087277442,0.9884007989595309,SIRA
22449,554.779,202.21624988909852,141.82897985084753,1.425775254829841,0.7127946256469047,22712,169.0649417820255,0.787960687960688,0.9884202183867559,0.9165725300309131,0.8360601181890467,0.009007806578872044,0.0027148687817789654,0.6989965212262825,0.9966119431765753,DERMASON
23662,575.093,207.947016934361,145.12533173092228,1.4328788396495573,0.7161993948828502,24014,173.57244627971173,0.7178133721635723,0.9853418839010577,0.8990527032573052,0.8346955336921247,0.008788226563027681,0.002631439357929066,0.6967166339655809,0.9983105220411468,DERMASON
24307,574.4499999999999,216.89265790835924,143.17427875548876,1.5148856330456242,0.7511638167970779,24647,175.92223740584248,0.7213615859449193,0.9862052176735505,0.9256285840453398,0.8111027782239294,0.00892305335534452,0.002382301962237081,0.6578877168425766,0.9966246504020072,DERMASON
24796,583.933,218.47025473153172,144.86322654160108,1.5081139634066658,0.7485486594060082,25139,177.68299792398003,0.7586818835480219,0.9863558614105573,0.9138300875480799,0.8133052169611221,0.00881070554652088,0.002377960752825065,0.661465375936178,0.9975651697593897,DERMASON
25260,584.9920000000001,207.40813191778022,155.9523275514325,1.3299457287636685,0.6592653324112315,25601,179.33775648203644,0.7943396226415095,0.9866802078043826,0.9275628713502065,0.864661162625623,0.008210931588193991,0.0028311051936857207,0.7476389261530944,0.9943191964947635,DERMASON
25647,601.2939999999999,227.32440764525978,144.1781008157849,1.5766916498346042,0.7731366995006539,25994,180.70632142739976,0.692338840298024,0.9866507655612834,0.8914001345142236,0.794927052925141,0.008863586682468116,0.0021832243553110454,0.6319090194722501,0.996325674457069,DERMASON
25959,597.217,217.88249284310075,152.03699344054922,1.4330886708062862,0.7162989542307963,26365,181.8021598930554,0.7097470950102529,0.9846007965105253,0.9146048484278009,0.8344046257262756,0.008393331516741815,0.0025096950376870776,0.6962310794334062,0.9977608721992461,DERMASON
26258,602.3919999999999,225.55383519213626,148.61426962468587,1.5177131762767833,0.7522427850293842,26686,182.84617569327477,0.7681146701769782,0.9839616278198307,0.9093124068862602,0.8106542526200838,0.008589909177855749,0.0022882896485373135,0.6571603172910265,0.9973808724788227,DERMASON
26578,591.719,207.1700534738016,163.66881630927804,1.2657881821685635,0.6130790142365532,26872,183.95695317103716,0.742174192287286,0.9890592438225663,0.9538962288816304,0.8879514683057224,0.007794794697637204,0.002989106318982278,0.7884578100662881,0.9980205781204136,DERMASON
26774,614.8629999999999,221.09061390004086,154.57152078292862,1.4303450776713769,0.7149926300918372,27178,184.63400437281115,0.7349033816425121,0.9851350356906321,0.8899516316340723,0.8351055755640878,0.008257660935984196,0.0024774354191401233,0.6974013223382265,0.9975245485679913,DERMASON
27049,606.037,221.521476650961,156.16041249413158,1.4185507909008992,0.7092621747369368,27354,185.57978458210746,0.8370675249118029,0.9888498939825985,0.9254709659751039,0.837750756214555,0.008189636461642242,0.002488305506881752,0.7018263295380588,0.9955762948412885,DERMASON
27277,605.2119999999999,218.1704781348835,159.46469124808704,1.3681428561227074,0.6824654817870125,27611,186.36028295144067,0.7493681318681319,0.9879033718445547,0.9358180264963133,0.8541956938657107,0.007998331126402592,0.0026266889884395623,0.729650283418723,0.9982658227272346,DERMASON
27460,611.836,227.22728085126917,154.073826422254,1.4747948183524122,0.7350061640982675,27741,186.98437875509165,0.7944452480833213,0.989870588659385,0.92180772425322,0.8228958162707656,0.00827484635292313,0.002340556442123931,0.6771575244359296,0.998668408246456,DERMASON
27680,608.7360000000001,224.3338803508547,157.2893366308244,1.42624977100254,0.7130241594736649,27937,187.7319115075253,0.7533407723920202,0.990800730214411,0.9386808919878312,0.8368415471346348,0.008104547700536658,0.0024517798999129175,0.700303775010689,0.9988080987412093,DERMASON
27888,618.7919999999999,228.80130798062802,155.49456459594086,1.47144248144736,0.733578037383944,28201,188.43594249392606,0.7581763314574668,0.9889011027977731,0.9152460287174932,0.8235789565935542,0.008204292454841796,0.002328315670983965,0.6782822977437275,0.9980533873138474,DERMASON
28111,615.1279999999999,226.2189219904289,158.52127180712114,1.4270571981385443,0.7134140340744651,28391,189.18783481516502,0.7874229691876751,0.9901377196999049,0.9335877982190407,0.8363042010392454,0.008047345238178254,0.002428228262762201,0.6994047166758905,0.9980905353443785,DERMASON
28310,615.568,219.55935061963396,164.4053481411521,1.3354757196288332,0.662799585855069,28603,189.8562917352292,0.763607919296542,0.9897563192672097,0.9388531398989853,0.8647151269095229,0.007755540466959872,0.0026747552985572375,0.7477322507061521,0.9985782656014857,DERMASON
28547,632.851,224.46805765259361,163.45349366167704,1.3732839392054055,0.6853843150673693,28958,190.64933591165402,0.7250031746031746,0.9858070308722978,0.8957099480964138,0.849338377608807,0.007863104972592343,0.002524043464645056,0.7213756796791604,0.9906536350367742,DERMASON
28754,618.817,222.80328945747155,164.9958869084646,1.3503566278659842,0.6720066497717493,29033,191.33930560476819,0.7790933969165741,0.9903902455826129,0.9435907185152367,0.8587813315982968,0.007748601566998385,0.002599761290891438,0.7375053755017437,0.9958952718955713,DERMASON
29001,633.837,242.15774231321456,152.6352177896131,1.586512901937193,0.7763409618361183,29279,192.15936104406794,0.7461407841926521,0.9905051402028758,0.9071260997133771,0.7935297017905084,0.008349979046005812,0.002042292283642405,0.6296893876237333,0.999010337677983,DERMASON
29162,629.597,220.93475708856445,169.3342726271586,1.3047255801252955,0.6423103056194044,29644,192.69201229829642,0.7093823736894598,0.9837403859128323,0.9244892589228068,0.872167036266971,0.007576118136224006,0.0027041151070277803,0.7606753391507118,0.9924725731604184,DERMASON
29405,633.671,229.1153422183813,163.54686881052075,1.4009154922056364,0.7003303026399738,29695,193.49317510686896,0.7407920592532876,0.9902340461357131,0.9202448245104987,0.8445229954196648,0.007791713729582768,0.0024448863083520304,0.7132190897926033,0.9991596722272608,DERMASON
29597,631.0319999999999,231.8941056603629,163.33214932519982,1.419770122528994,0.7098633992287027,29865,194.12385429288852,0.7798945981554677,0.9910262849489369,0.9340170201838252,0.8371228485522892,0.007835054419716962,0.002373441671381314,0.700774663568299,0.9949389299595783,DERMASON
29734,640.924,237.45796569268617,159.7690592940969,1.4862575190831062,0.7397963001371485,30046,194.5726204355467,0.758597816103684,0.9896159222525461,0.909599330890251,0.8193981611354284,0.007986075391561383,0.0022207164441145587,0.6714133464721216,0.9978931346069414,DERMASON
29928,645.7309999999999,241.69015879833162,158.11289039142153,1.528592375991658,0.7563245024779931,30331,195.2063346688164,0.7145108150694743,0.986713263657644,0.9019537873341635,0.8076718375268985,0.008075720355464168,0.002119828828523754,0.6523337971340767,0.9971524689008385,DERMASON
30120,634.9100000000001,233.65023091103976,164.7017923986099,1.4186259148021985,0.7092992761803931,30433,195.83149666849584,0.813394544963543,0.9897151118851247,0.9389457419488931,0.8381395383386415,0.007757311783235052,0.002361328037749677,0.702477885726511,0.9965533332670861,DERMASON
30314,647.757,247.5794652760481,156.09835073912072,1.586047924938138,0.776190896260513,30631,196.46115025394136,0.7010800434792664,0.9896510071496196,0.9078809020894247,0.7935276459010425,0.00816716584007548,0.0019975579371682524,0.6296861248092503,0.9987123716160491,DERMASON
30455,659.854,250.91671338896802,155.14569335894092,1.617297315552639,0.7859299849038949,30828,196.9175216554113,0.736535345473893,0.9879006098352148,0.8789673850291152,0.7847923679366554,0.008238933291379676,0.001927834876500952,0.6158990607716227,0.9960918976373371,DERMASON
30628,651.095,242.016951945265,162.9802464498068,1.4849465331971947,0.7392556238647028,30998,197.47602582629762,0.7796756866838073,0.9880637460481322,0.9079036915324792,0.8159594782061348,0.007901820293367669,0.002160634356238581,0.6657898700744277,0.988662359404832,DERMASON
30848,647.564,241.47435147064263,163.19204141890017,1.4796944101630445,0.7370710898309885,31184,198.18398894963815,0.7410930930930931,0.9892252437147255,0.924424574747672,0.8207248005539522,0.007827877057528613,0.0021908567761482122,0.673589198244325,0.9967061713883343,DERMASON
31007,659.0329999999999,237.75368543723798,166.54964425791516,1.4275244267052158,0.7136392410352113,31427,198.69408286006706,0.7496856866537718,0.9866356954211347,0.8971298143329228,0.8357139974283098,0.0076677422981016536,0.0023071613949746756,0.6984178854976049,0.9970085915956375,DERMASON
31254,653.786,233.47023513371644,170.99636827924212,1.3653520100055732,0.6808618603750071,31660,199.48390594519842,0.711029211029211,0.9871762476310803,0.9188491943655538,0.8544297127680842,0.0074700913525857955,0.002455902073132095,0.730050134060951,0.9967754179449576,DERMASON
31412,655.3879999999999,247.19580389028422,162.15198756799674,1.524469774301257,0.7547906328350775,31771,199.9875010574934,0.7980691056910569,0.98870038714551,0.918985125880243,0.809024659440644,0.0078694703899874,0.0020795640716698175,0.65452089958305,0.9977973280628281,DERMASON
31563,662.797,254.5682722065511,158.40508915835315,1.607071297766616,0.7828186422040337,31936,200.46760274537115,0.7828125,0.9883203907815631,0.9028738429456735,0.7874807060901767,0.00806540164770621,0.0019132223714804827,0.6201258624642833,0.9965864745691178,DERMASON
31757,655.887,240.6649408215377,168.48374955879768,1.4284163395684053,0.7140683381976343,32129,201.08273974201404,0.7310543278084715,0.9884216751221637,0.9276652469086771,0.8355298410129651,0.0075783273237880686,0.0022782479262404287,0.6981101152231509,0.9971918954027308,DERMASON
31947,659.2499999999999,247.19044756771763,164.7648571792731,1.5002619599807077,0.7454600931261481,32265,201.6833749609874,0.7804133281219464,0.9901441190144119,0.9237185578455256,0.8159027864769589,0.007737516748606055,0.002115120089371887,0.665697356980866,0.9987204215380908,DERMASON
32112,681.315,265.4699834394304,155.4485600146961,1.7077674017329774,0.8106291866492199,32630,202.2035317706779,0.7473468627816049,0.9841250383083052,0.8693232961287376,0.7616813364393517,0.008267002473823816,0.0017164102009167388,0.5801584582800368,0.9907757028903086,DERMASON
32314,663.884,247.40857407191677,166.7326970272435,1.4838635641543731,0.7388076054424624,32657,202.83851372106838,0.7090135158855538,0.9894968919374101,0.9213320533529746,0.8198524019709489,0.0076563896166341764,0.0021337644828052387,0.6721579610175343,0.9973907077102145,DERMASON
32593,667.6189999999999,252.50947729205328,164.74149709611638,1.5327618222670987,0.75786011062107,32950,203.71228848931318,0.7458352402745996,0.9891654021244309,0.9189181399446343,0.8067510600946629,0.007747353029547857,0.002024376503883969,0.6508472729638624,0.9975938521256614,DERMASON
32781,674.424,260.40186256383765,160.80789290335508,1.6193350827644895,0.7865415067624143,33087,204.29896112306437,0.7930759181303527,0.9907516547284432,0.9056617552006972,0.7845526107670615,0.007943682699241563,0.0018564785641407488,0.6155227990614124,0.9967376627615424,DERMASON
32976,685.4830000000001,251.38793271294404,167.71991451156293,1.4988555977090774,0.7449004056596933,33409,204.905703256856,0.7104905953073493,0.9870394205154299,0.8818900871741009,0.8150976104761346,0.007623360404929161,0.0020757005229689704,0.6643841146039045,0.9958158492030514,DERMASON
33176,673.911,249.38960531275973,169.87422146604015,1.4680838750016914,0.7321345954196613,33512,205.5261422207252,0.8141749288308628,0.9899737407495822,0.9179706500135554,0.8241167147402743,0.00751716919799734,0.0021388926035278482,0.6791683595143027,0.9970761170142991,DERMASON
33338,670.674,244.7223854509268,173.87896054337614,1.4074295399866847,0.7036819114075068,33679,206.02732814454703,0.7197322970639033,0.9898749962884884,0.931379051312926,0.8418818236219786,0.00734064387338553,0.002274670264179267,0.7087650049450683,0.9975368048684979,DERMASON
33533,721.635,265.4840587370586,161.2999251951869,1.6459031733325349,0.7942667826775522,34242,206.62899519090783,0.6998434728164458,0.9792944337363472,0.8091836433477301,0.778310367009862,0.007917098343036966,0.0017920786393958094,0.6057670273950261,0.9970338726896899,DERMASON
33728,690.089,263.92699711740613,163.2618021995281,1.6165875517829424,0.7857163336877012,34213,207.22891536855462,0.7814643188137164,0.9858241019495514,0.8900004855529859,0.7851751341541247,0.007825160018898427,0.0018345904973162603,0.6164999912939475,0.9966262116000881,DERMASON
33913,681.169,253.89063117418604,170.4536395753595,1.489499618821211,0.7411255994410882,34267,207.7964693651063,0.7376560664723539,0.9896693611929845,0.9184728516805108,0.8184487485973595,0.0074865282096596006,0.0020721738277549298,0.6698583540805839,0.9977537630672334,DERMASON
34173,690.141,258.3663847135393,168.82883689067842,1.5303451085245527,0.75697194333064,34544,208.5915026127256,0.7174981103552532,0.9892600741083835,0.9016070791308306,0.8073476851255206,0.007560541500996087,0.0019814133368661804,0.6518102846775365,0.9974946808422644,DERMASON
34413,692.2399999999999,260.3677664897037,169.13865362974352,1.5393747135983897,0.7602638458022107,34875,209.32269932563727,0.8018127169784943,0.986752688172043,0.9024414134940416,0.8039501284960902,0.007565971187914558,0.0019496689788295759,0.64633580910888,0.9949530010353657,DERMASON
34613,691.6519999999999,254.86571282973628,173.36858584057495,1.4700801278041449,0.7329940680606771,35013,209.9300844612753,0.7585579662502739,0.9885756718932968,0.9092301578376841,0.8236890012801356,0.007363294508702981,0.0020907639420993185,0.6784635708298673,0.9973958129160276,DERMASON
34827,708.9799999999999,259.33450123788697,171.55302550666357,1.5116871327216186,0.7499341003829779,35307,210.5780463972717,0.7179344465058751,0.9864049621888011,0.8706787833403511,0.8119939514106876,0.007446363489186176,0.001996802775216268,0.659334177127542,0.9967069917273019,DERMASON
35008,700.0409999999999,259.07798906114243,172.43231021123935,1.5024909701885756,0.7463430961463858,35424,211.12453666518388,0.7046698872785829,0.988256549232159,0.8976979042831632,0.8149072695456134,0.0074005367076423224,0.0020131482041016143,0.664073857958287,0.9977649751206171,DERMASON
35238,692.5849999999999,248.42473531369785,181.71687883856157,1.3670977451379185,0.6818665520968804,35817,211.8169376546117,0.79696935429153,0.9838344920010051,0.9231556934874124,0.8526402871563505,0.007049910191091942,0.0022984059852067967,0.7269954592820639,0.9938738531100151,DERMASON
35453,706.275,258.38067490348266,175.16895275674239,1.475036933413061,0.7351088235051103,35897,212.46214152054412,0.7082808910198781,0.9876312783798089,0.8931310480420466,0.8222834064502259,0.007287977742461362,0.0020552890373501166,0.6761500005233876,0.9973462232992573,DERMASON
35714,734.051,265.1196586032585,172.01503243385548,1.54125866124639,0.7609416140417824,36462,213.24276564674264,0.7746735499544488,0.9794854917448302,0.8329058051567222,0.8043264945729746,0.007423409828169862,0.0019165171009826024,0.6469411098720492,0.9971035889066484,DERMASON
35985,699.379,261.79111155468695,175.54343742632597,1.4913181340917878,0.7418663844455322,36351,214.05028618830397,0.714158132888783,0.9899315011966658,0.9244984673483959,0.8176377147303944,0.0072750065737025695,0.0020056577023555354,0.6685314325495416,0.9969930485714924,DERMASON
36195,699.591,261.4687208715651,176.69586471370442,1.4797670635654991,0.7371015119550749,36553,214.6739511950372,0.7943248403449865,0.9902060022433179,0.9293301293050958,0.8210310987847997,0.0072238906167030005,0.0020248336710484193,0.6740920651717757,0.9974992358520415,DERMASON
36519,708.986,270.09720053226533,172.61597651401638,1.5647288622228632,0.7691333239921275,36839,215.6326388425078,0.7952051215050954,0.9913135535709439,0.9129635145122491,0.7983519948284273,0.007396073291499366,0.001853355059923817,0.6373659076465293,0.9973048314913964,DERMASON
36805,722.0709999999999,269.0060866021515,174.8412733074281,1.5385731384439811,0.7599745322189114,37326,216.4753599003306,0.6960756501182033,0.9860419010877136,0.8870679327143101,0.8047229065879404,0.007308954940963226,0.0018906907625241358,0.6475789563873432,0.9963475873191525,DERMASON
37115,710.1039999999999,264.5461902657022,178.78543104583707,1.4796853900130025,0.73706731242757,37525,217.38510920218422,0.7913983538743656,0.9890739506995336,0.9249439389542599,0.8217283680549291,0.007127743237658688,0.0020046794110274036,0.675237510866217,0.9991390796174874,DERMASON
37401,718.286,272.91529145960914,174.9021974622955,1.5603880078090087,0.76765256381811,37686,218.22106271540292,0.6990318480861244,0.9924375099506448,0.9109578333823484,0.7995926558321821,0.007297005199315771,0.0018399228142597062,0.6393484152607626,0.997631599984588,DERMASON
37680,720.6329999999999,267.31887030425275,180.30575669957665,1.4825864420383223,0.7382776542123936,38077,219.0334815630271,0.7248384118190212,0.9895737584368517,0.9117850484172091,0.8193715666751511,0.00709444984883898,0.0019725228496684888,0.6713697642756915,0.9953637101096048,DERMASON
37963,713.866,259.900490998765,186.34868355544143,1.3946999036429515,0.6970730421895471,38363,219.85448104776253,0.789054705686731,0.9895732867606809,0.9361317890172283,0.8459179134402145,0.006846152595916155,0.002162415895156873,0.7155771162790463,0.998015335123487,DERMASON
38250,742.2090000000001,285.076632076235,171.65162154544512,1.6607861289603976,0.7984022164262623,38800,220.6839654032888,0.7218070652173914,0.9858247422680413,0.8725470829412246,0.774121553899492,0.007452983845130327,0.0016509981302232208,0.5992641802117642,0.9952496380785218,DERMASON
38617,731.0319999999999,276.97899112452666,177.93960753531687,1.55658987316555,0.7663443884400639,38946,221.74014408545372,0.7025488020084778,0.9915524058953422,0.9080622468718618,0.8005666537566448,0.007172462675104919,0.0018173477808944938,0.6409069671071116,0.9976292946401765,DERMASON
38967,733.899,269.3524020972137,185.2464532302695,1.4540219118926763,0.7259499394667129,39465,222.7427335283804,0.7161471734176285,0.9873812238692512,0.9091472798528679,0.8269565513211532,0.006912320735422632,0.001994042510299508,0.6838571377729752,0.9943432629261146,DERMASON
39314,734.483,274.45338636493017,182.53458820327882,1.503569208808176,0.7467684493538495,39655,223.7322941859717,0.7870670670670671,0.9914008321775312,0.9157851582507964,0.8151923251859003,0.006981059835298626,0.0019016975726130825,0.6645385270419948,0.9991796673270827,DERMASON
39704,736.8729999999999,271.65991893395807,186.48140432068848,1.4567668016205504,0.7271754315912995,40106,224.83928234222086,0.7577388449940837,0.9899765621104074,0.9188800844045595,0.8276498175532492,0.0068421297333759335,0.001980421178097282,0.6850042204959266,0.9978914073884292,DERMASON
40213,745.819,273.63627716382143,188.21926954677681,1.4538164866048242,0.7258578618724425,40579,226.27589755083306,0.8110730133118192,0.9909805564454521,0.908467618631386,0.8269221460550916,0.006804672050427012,0.0019626617302573954,0.6838002356363582,0.994120056112401,DERMASON
40748,760.4449999999999,294.9468401928169,176.4278662196475,1.6717701489719134,0.8013704630443002,41191,227.77612905848673,0.7716693494934191,0.9892452234711466,0.8854836449248297,0.7722616350444087,0.007238314523235911,0.0015880897908719408,0.5963880329614637,0.9970237107090524,DERMASON
41472,759.287,293.5679685691143,180.4485308555323,1.6268792390675977,0.7887814354155762,41853,229.7907535112252,0.7944827586206896,0.9908967099132678,0.9039677053495407,0.7827514514994706,0.0070787029458216225,0.001639188796143517,0.6126998348245282,0.9967886410561712,DERMASON
42026,751.05,278.0711406529184,192.95676003429065,1.441105979409594,0.7200603041144483,42358,231.32048138251818,0.7538295964125561,0.9921620473110156,0.9362465261308578,0.8318751843120848,0.006616645425520354,0.001954565825418246,0.6920163222742653,0.9972688598784801,DERMASON
